<?xml version="1.0" encoding="UTF-8"?>
<metadata modelVersion="1.1.0">
  <groupId>io.github.hboutemy</groupId>
  <artifactId>sigstore-maven-plugin</artifactId>
  <versioning>
    <lastUpdated>20230508081458</lastUpdated>
    <snapshot>
      <timestamp>20230508.081458</timestamp>
      <buildNumber>1</buildNumber>
    </snapshot>
    <snapshotVersions>
      <snapshotVersion>
        <extension>jar</extension>
        <value>1.0.0-beta-1-20230508.081458-1</value>
        <updated>20230508081458</updated>
      </snapshotVersion>
      <snapshotVersion>
        <extension>pom</extension>
        <value>1.0.0-beta-1-20230508.081458-1</value>
        <updated>20230508081458</updated>
      </snapshotVersion>
      <snapshotVersion>
        <classifier>sources</classifier>
        <extension>jar</extension>
        <value>1.0.0-beta-1-20230508.081458-1</value>
        <updated>20230508081458</updated>
      </snapshotVersion>
      <snapshotVersion>
        <classifier>javadoc</classifier>
        <extension>jar</extension>
        <value>1.0.0-beta-1-20230508.081458-1</value>
        <updated>20230508081458</updated>
      </snapshotVersion>
      <snapshotVersion>
        <extension>jar.asc</extension>
        <value>1.0.0-beta-1-20230508.081458-1</value>
        <updated>20230508081458</updated>
      </snapshotVersion>
      <snapshotVersion>
        <extension>pom.asc</extension>
        <value>1.0.0-beta-1-20230508.081458-1</value>
        <updated>20230508081458</updated>
      </snapshotVersion>
      <snapshotVersion>
        <classifier>sources</classifier>
        <extension>jar.asc</extension>
        <value>1.0.0-beta-1-20230508.081458-1</value>
        <updated>20230508081458</updated>
      </snapshotVersion>
      <snapshotVersion>
        <classifier>javadoc</classifier>
        <extension>jar.asc</extension>
        <value>1.0.0-beta-1-20230508.081458-1</value>
        <updated>20230508081458</updated>
      </snapshotVersion>
      <snapshotVersion>
        <extension>jar.sigstore</extension>
        <value>1.0.0-beta-1-20230508.081458-1</value>
        <updated>20230508081458</updated>
      </snapshotVersion>
      <snapshotVersion>
        <extension>pom.sigstore</extension>
        <value>1.0.0-beta-1-20230508.081458-1</value>
        <updated>20230508081458</updated>
      </snapshotVersion>
      <snapshotVersion>
        <classifier>sources</classifier>
        <extension>jar.sigstore</extension>
        <value>1.0.0-beta-1-20230508.081458-1</value>
        <updated>20230508081458</updated>
      </snapshotVersion>
      <snapshotVersion>
        <classifier>javadoc</classifier>
        <extension>jar.sigstore</extension>
        <value>1.0.0-beta-1-20230508.081458-1</value>
        <updated>20230508081458</updated>
      </snapshotVersion>
    </snapshotVersions>
  </versioning>
  <version>1.0.0-beta-1-SNAPSHOT</version>
</metadata>
